[
  {
    "Id": "809583",
    "ThreadId": "348404",
    "Html": "\r\n<p>Hi!</p>\r\n<p>Has anybody tested this under any flavour of *nix/*nux, as yet ? :)</p>\r\n<p>If so, what were the results, please?</p>\r\n<p>If not, well looks like I might be one of the first...</p>\r\n",
    "PostedDate": "2012-03-13T06:16:32.203-07:00",
    "UserRole": null,
    "MarkedAsAnswerDate": null
  },
  {
    "Id": "810798",
    "ThreadId": "348404",
    "Html": "<p>Yes. I had test the Hart Communication Protocol Lite library (not the WPF Application) under Mac OS x 10.6 with Mono 2.6 and it works like under Windows.</p>\r\n<table cellspacing=\"0\" cellpadding=\"0\">\r\n<tbody>\r\n<tr>\r\n<td id=\"ctl00_ctl00_MasterContent_ProjectTitleControl1_ProjectTitleCell\" style=\"vertical-align: middle;\"></td>\r\n</tr>\r\n<tr>\r\n<td><br /></td>\r\n</tr>\r\n</tbody>\r\n</table>\r\n<p><a title=\"CodePlex Home\" href=\"http://www.codeplex.com/\"></a></p>",
    "PostedDate": "2012-03-15T05:21:09.02-07:00",
    "UserRole": null,
    "MarkedAsAnswerDate": null
  },
  {
    "Id": "810880",
    "ThreadId": "348404",
    "Html": "<p>Brilliant, Sebastian, thanks!</p>\r\n<p>I have OSX 10.6 on an oldish MBP that I could use but I'm thinking I should give Linux a crack. I'm keen to see something like PactWare/FieldCare on a non-Windows platform.</p>\r\n<p>The only issue I have is that I have the idea but not the coding skills - I might know enough to conceptualise the components &nbsp;but not how to connect the blocks, as it were.</p>",
    "PostedDate": "2012-03-15T07:54:36.7-07:00",
    "UserRole": null,
    "MarkedAsAnswerDate": null
  },
  {
    "Id": "810912",
    "ThreadId": "348404",
    "Html": "<p>We just want to hold this project small. The part you wish is very complex and big, such more as our available ressources at the moment. It might be easy to expand this project with Mono for your idea but i could not make this ensure.</p>",
    "PostedDate": "2012-03-15T08:32:35.833-07:00",
    "UserRole": null,
    "MarkedAsAnswerDate": null
  },
  {
    "Id": "810926",
    "ThreadId": "348404",
    "Html": "<p>No problem, mate, I have a habit of trying to run before I can crawl :-)</p>\n<p>I'm keen to contribute if I can even if it's the odd bit of testing here and there.&nbsp;</p>\n<p>I gather the comms is a generic interaction/transaction at the moment, so I'm imagining that the project isn't at the stage of being able to use a DTM, &nbsp;generic or otherwise - is this understanding correct?</p>\n<p>P.S. &nbsp;I'm UTC +8 so I'll be gone for a while before I reply next... :-)</p>",
    "PostedDate": "2012-03-15T08:59:33.82-07:00",
    "UserRole": null,
    "MarkedAsAnswerDate": null
  },
  {
    "Id": "811338",
    "ThreadId": "348404",
    "Html": "<p>This project is only a small and simple project to communicate with field devices via HART protocol. This part is only the communication layer of a DTM. In the last few years our software company develop a complex communication framework for field devices. This library is designed for object orientated patterns. We represent field devices as a complex DeviceModel (DTM) to communicate with them.</p>",
    "PostedDate": "2012-03-16T03:21:30.657-07:00",
    "UserRole": null,
    "MarkedAsAnswerDate": null
  },
  {
    "Id": "811474",
    "ThreadId": "348404",
    "Html": "<p>Gotcha, so this is the basic \"begin comms transaction, pass simple command transaction, display string result\" module or component and the associated analyser permits testing of the module, yes?</p>\r\n<p>Forgive me if I seem a little dense with my line of questioning.</p>\r\n<p>I'm used to industrial automation \"programming\" at a higher-level (such as DCS or PLC configuration) and not with lower-level OS-based languages such as C++, or even Java ( I can code basic HTML in Notepad and Commodore Basic is a long-distant memory ! )</p>\r\n<p>My comms experience is limited to using terminal software to communicate with ancient RS232-based devices and the odd home network setup.</p>\r\n<p>However I've had a bit of experience as a user of HART FDT and DTM in point-to-point communication (digital over analog) mode</p>\r\n<p>If you have the patience to weather some seemingly silly questions it'll help me understand what I'm up against with my idea.</p>\r\n<p>Basically, I want to be able to use something nice and cheap, such as the Raspberry Pi, as a Linux OS 'powered' hardware platform to enable Instrumentation apprentices to build their own point-to-point HART Communicator as a project and a usable tool.</p>",
    "PostedDate": "2012-03-16T08:15:18.37-07:00",
    "UserRole": null,
    "MarkedAsAnswerDate": null
  },
  {
    "Id": "812437",
    "ThreadId": "348404",
    "Html": "<p>The analyzer is only a tool that use the framework for communication.</p>\r\n<p>The FDT standard is not considered in this framework. In the near future the fdtgroup release a new standard for FDT.<br />For more informations See: <a title=\"fdtgroup\" href=\"http://www.fdtgroup.org/press-releases/fdt-20-primed-future\" target=\"_blank\">fdtgroup</a></p>",
    "PostedDate": "2012-03-19T04:49:56.667-07:00",
    "UserRole": null,
    "MarkedAsAnswerDate": null
  }
]