{
  "WorkItem": {
    "AffectedComponent": {
      "Name": "",
      "DisplayName": ""
    },
    "ClosedComment": "",
    "ClosedDate": "2011-04-22T02:04:18.577-07:00",
    "CommentCount": 0,
    "Custom": null,
    "Description": "It should be possible to send commands asynchronous. A \"Receive\" event will raise if a complete command is received.",
    "LastUpdatedDate": "2013-05-15T23:25:40.857-07:00",
    "PlannedForRelease": "",
    "ReleaseVisibleToPublic": false,
    "Priority": {
      "Name": "Low",
      "Severity": 50,
      "Id": 1
    },
    "ProjectName": "HartProtocolLite",
    "ReportedDate": "2011-04-22T02:03:33.05-07:00",
    "Status": {
      "Name": "Closed",
      "Id": 4
    },
    "ReasonClosed": {
      "Name": "Unassigned"
    },
    "Summary": "Asynchronous calls with receive event",
    "Type": {
      "Name": "Issue",
      "Id": 3
    },
    "VoteCount": 1,
    "Id": 605
  },
  "FileAttachments": [],
  "Comments": []
}