{
  "WorkItem": {
    "AffectedComponent": {
      "Name": "",
      "DisplayName": ""
    },
    "ClosedComment": "",
    "ClosedDate": "2012-01-18T05:12:13.303-08:00",
    "CommentCount": 0,
    "Custom": null,
    "Description": "Downgrade HART Analyzer to .NET 3.5 SP1",
    "LastUpdatedDate": "2013-05-15T23:25:40.237-07:00",
    "PlannedForRelease": "HART Analyzer",
    "ReleaseVisibleToPublic": true,
    "Priority": {
      "Name": "Low",
      "Severity": 50,
      "Id": 1
    },
    "ProjectName": "HartProtocolLite",
    "ReportedDate": "2011-07-18T22:52:19.78-07:00",
    "Status": {
      "Name": "Closed",
      "Id": 4
    },
    "ReasonClosed": {
      "Name": "Unassigned"
    },
    "Summary": "Downgrade HART Analyzer",
    "Type": {
      "Name": "Task",
      "Id": 2
    },
    "VoteCount": 1,
    "Id": 662
  },
  "FileAttachments": [],
  "Comments": []
}