{
  "WorkItem": {
    "AffectedComponent": {
      "Name": "",
      "DisplayName": ""
    },
    "ClosedComment": "",
    "ClosedDate": "2012-08-04T13:34:26.353-07:00",
    "CommentCount": 0,
    "Custom": null,
    "Description": "Support Burst Mode",
    "LastUpdatedDate": "2013-05-15T23:25:41.343-07:00",
    "PlannedForRelease": "",
    "ReleaseVisibleToPublic": false,
    "Priority": {
      "Name": "Medium",
      "Severity": 100,
      "Id": 2
    },
    "ProjectName": "HartProtocolLite",
    "ReportedDate": "2011-04-21T00:56:48.44-07:00",
    "Status": {
      "Name": "Closed",
      "Id": 4
    },
    "ReasonClosed": {
      "Name": "Unassigned"
    },
    "Summary": "Support Burst Mode",
    "Type": {
      "Name": "Feature",
      "Id": 1
    },
    "VoteCount": 1,
    "Id": 602
  },
  "FileAttachments": [],
  "Comments": []
}