[
  {
    "Id": 547,
    "Title": "Simulation field device"
  },
  {
    "Id": 602,
    "Title": "Support Burst Mode"
  },
  {
    "Id": 603,
    "Title": "Asynchronous calls with receive event"
  },
  {
    "Id": 604,
    "Title": "Asynchronous calls with receive event"
  },
  {
    "Id": 605,
    "Title": "Asynchronous calls with receive event"
  },
  {
    "Id": 607,
    "Title": "Simple application for real field device communication"
  },
  {
    "Id": 662,
    "Title": "Downgrade HART Analyzer"
  }
]