{
  "WorkItem": {
    "AffectedComponent": {
      "Name": "",
      "DisplayName": ""
    },
    "ClosedComment": "Framework .NET 4.0 required&#33; ",
    "ClosedDate": "2011-05-24T01:41:07.33-07:00",
    "CommentCount": 0,
    "Custom": null,
    "Description": "A simple application to communicate with field devices and logging the communication bytes.",
    "LastUpdatedDate": "2013-05-15T23:25:40.707-07:00",
    "PlannedForRelease": "",
    "ReleaseVisibleToPublic": false,
    "Priority": {
      "Name": "Medium",
      "Severity": 100,
      "Id": 2
    },
    "ProjectName": "HartProtocolLite",
    "ReportedDate": "2011-04-24T13:27:05.113-07:00",
    "Status": {
      "Name": "Closed",
      "Id": 4
    },
    "ReasonClosed": {
      "Name": "Unassigned"
    },
    "Summary": "Simple application for real field device communication",
    "Type": {
      "Name": "Feature",
      "Id": 1
    },
    "VoteCount": 1,
    "Id": 607
  },
  "FileAttachments": [],
  "Comments": [
    {
      "Message": "Framework .NET 3.5 required!",
      "PostedDate": "2011-05-04T02:12:49.137-07:00",
      "Id": -2147483648
    },
    {
      "Message": "",
      "PostedDate": "2011-05-04T10:47:12.033-07:00",
      "Id": -2147483648
    },
    {
      "Message": "",
      "PostedDate": "2011-05-24T01:41:07.33-07:00",
      "Id": -2147483648
    },
    {
      "Message": "",
      "PostedDate": "2013-02-13T18:24:40.5-08:00",
      "Id": -2147483648
    },
    {
      "Message": "",
      "PostedDate": "2013-05-15T23:25:40.707-07:00",
      "Id": -2147483648
    }
  ]
}