{
  "WorkItem": {
    "AffectedComponent": {
      "Name": "",
      "DisplayName": ""
    },
    "ClosedComment": "",
    "ClosedDate": "2011-05-09T00:15:13.667-07:00",
    "CommentCount": 0,
    "Custom": null,
    "Description": "It should be possible to send commands asynchronous. A \"Receive\" event will raise if a complete command is received.",
    "LastUpdatedDate": "2013-05-15T23:25:41.173-07:00",
    "PlannedForRelease": "Version 0.4.8",
    "ReleaseVisibleToPublic": true,
    "Priority": {
      "Name": "Low",
      "Severity": 50,
      "Id": 1
    },
    "ProjectName": "HartProtocolLite",
    "ReportedDate": "2011-04-22T02:03:22.983-07:00",
    "Status": {
      "Name": "Closed",
      "Id": 4
    },
    "ReasonClosed": {
      "Name": "Unassigned"
    },
    "Summary": "Asynchronous calls with receive event",
    "Type": {
      "Name": "Task",
      "Id": 2
    },
    "VoteCount": 1,
    "Id": 603
  },
  "FileAttachments": [],
  "Comments": []
}