[
  {
    "Id": "0",
    "Name": "HART Analyzer 0.6",
    "DevelopmentStatus": "Beta",
    "Description": "Downgrade HART Analyzer to .NET 3.5.\nSimplify data input added.\nEasy changeable data types added.\nAbout box for HART Analyzer.\nOptical push up.\nSet an minimal size of the main window.\nSolved a bug from the TextBoxHelper class.\nSmall performance improvements.",
    "ReleasedDatge": "0001-01-01T00:00:00",
    "ModifiedDate": "2012-04-04T10:38:14.237-07:00",
    "Files": [
      {
        "Id": "ce71fcf7-3aab-4be9-afbb-d0cd99ea5075",
        "FileName": "Finaltec.Hart.Analyzer.zip",
        "Url": "./0/ce71fcf7-3aab-4be9-afbb-d0cd99ea5075",
        "Type": "Application",
        "UploadDate": "2012-04-04T10:38:13.877-07:00"
      }
    ]
  },
  {
    "Id": "1",
    "Name": "HART Analyzer",
    "DevelopmentStatus": "Beta",
    "Description": "A simple application to communicate with field devices and logging the communication bytes.\nRequests: .NET Framework 4.0\n\nConnection settings for COM-Port and preambles.\nSwapBytes possibility.\nFilter settings to filter single parts of informations.\nColored informations output with detail tool tips.\nCurrently supported data types are: byte, short, unsigned short, int24, unsigned int24, integer, unsigned integer, float and string.\nHow to use the send command window documentation added to \"\\Finaltec.Hart.Analyzer\\Help\\Help.chm\" named as \"Data input\".\nMark the orange data output to get more informations on the bottom of the application like specific data type values.\nThe output on the bottom of the application can be mark too for copy and paste for example.",
    "ReleasedDatge": "0001-01-01T00:00:00",
    "ModifiedDate": "2011-05-26T13:16:56.107-07:00",
    "Files": [
      {
        "Id": "dedec7a8-0f48-43f0-8ad9-e58108541ae0",
        "FileName": "Finaltec.Hart.Analyzer.zip",
        "Url": "./1/dedec7a8-0f48-43f0-8ad9-e58108541ae0",
        "Type": "Application",
        "UploadDate": "2011-05-24T01:36:38.093-07:00"
      }
    ]
  },
  {
    "Id": "2",
    "Name": "Version 0.4.8",
    "DevelopmentStatus": "Beta",
    "Description": "Asynchronous calls now possible. (SendAsync, SendZeroCommandAsync)\nReceive event implemented to handle asynchronous calls.\nPreparations for simulation devices.",
    "ReleasedDatge": "0001-01-01T00:00:00",
    "ModifiedDate": "2011-05-08T23:09:30.8-07:00",
    "Files": [
      {
        "Id": "5f9171a1-ea04-4b4a-ac39-823dee482c8d",
        "FileName": "Finaltec.Communication.HartLite.zip",
        "Url": "./2/5f9171a1-ea04-4b4a-ac39-823dee482c8d",
        "Type": "Application",
        "UploadDate": "2011-05-08T23:09:20.16-07:00"
      }
    ]
  },
  {
    "Id": "3",
    "Name": "Version 0.4.0",
    "DevelopmentStatus": "Beta",
    "Description": "Hart Communication Protocol Lite 0.4.0 Binaries",
    "ReleasedDatge": "0001-01-01T00:00:00",
    "ModifiedDate": "2011-04-23T01:23:45.937-07:00",
    "Files": [
      {
        "Id": "62d83894-f71e-4664-a820-ae834b69a822",
        "FileName": "Finaltec.Communication.HartLite.zip",
        "Url": "./3/62d83894-f71e-4664-a820-ae834b69a822",
        "Type": "Application",
        "UploadDate": "2011-04-19T00:12:49.287-07:00"
      }
    ]
  },
  {
    "Id": "4",
    "Name": "HART Analyzer 0.7",
    "DevelopmentStatus": "Stable",
    "Description": "You can find all new versions of HART Analyzer here:\n\n[url:http://hartanalyzer.codeplex.com]",
    "ReleasedDatge": "0001-01-01T00:00:00",
    "ModifiedDate": "2012-08-21T11:53:49.323-07:00",
    "Files": []
  }
]