[
  {
    "Title": "Home",
    "Id": "429533",
    "ParentWikiTitle": "Home",
    "FileExtension": "html",
    "UpdatedDate": "2011-05-27T00:08:07.8-07:00",
    "FileAttachments": [
      {
        "Id": "8af36818-1a02-4c36-bb57-fdf3d1dddd6e",
        "FileName": "deDE_Flag.gif",
        "DownloadUri": "./429533/8af36818-1a02-4c36-bb57-fdf3d1dddd6e"
      },
      {
        "Id": "df8d7547-b83c-4f44-90ff-7a83ffb48b6b",
        "FileName": "enUS_Flag.gif",
        "DownloadUri": "./429533/df8d7547-b83c-4f44-90ff-7a83ffb48b6b"
      }
    ]
  },
  {
    "Title": "Documentation",
    "Id": "419184",
    "ParentWikiTitle": "Documentation",
    "FileExtension": "codeplexwiki",
    "UpdatedDate": "2011-05-05T07:46:10.547-07:00",
    "FileAttachments": []
  },
  {
    "Title": "SendAsync",
    "Id": "419182",
    "ParentWikiTitle": "HartCommunicationLite",
    "FileExtension": "codeplexwiki",
    "UpdatedDate": "2011-05-05T07:45:10.147-07:00",
    "FileAttachments": []
  },
  {
    "Title": "Receive",
    "Id": "419177",
    "ParentWikiTitle": "HartCommunicationLite",
    "FileExtension": "codeplexwiki",
    "UpdatedDate": "2011-05-05T07:39:03.413-07:00",
    "FileAttachments": []
  },
  {
    "Title": "Send",
    "Id": "419174",
    "ParentWikiTitle": "HartCommunicationLite",
    "FileExtension": "codeplexwiki",
    "UpdatedDate": "2011-05-05T07:29:26.01-07:00",
    "FileAttachments": []
  },
  {
    "Title": "ResponseCode",
    "Id": "396067",
    "ParentWikiTitle": "CommandResult",
    "FileExtension": "codeplexwiki",
    "UpdatedDate": "2011-03-15T07:27:50.86-07:00",
    "FileAttachments": []
  },
  {
    "Title": "CommandResult",
    "Id": "395555",
    "ParentWikiTitle": "Documentation",
    "FileExtension": "codeplexwiki",
    "UpdatedDate": "2011-03-14T08:45:10.257-07:00",
    "FileAttachments": []
  },
  {
    "Title": "AutomaticZeroCommand",
    "Id": "395549",
    "ParentWikiTitle": "HartCommunicationLite",
    "FileExtension": "codeplexwiki",
    "UpdatedDate": "2011-03-14T08:27:20.55-07:00",
    "FileAttachments": []
  },
  {
    "Title": "SendZeroCommand",
    "Id": "395547",
    "ParentWikiTitle": "HartCommunicationLite",
    "FileExtension": "codeplexwiki",
    "UpdatedDate": "2011-03-14T08:26:15.883-07:00",
    "FileAttachments": []
  },
  {
    "Title": "Timeout",
    "Id": "388983",
    "ParentWikiTitle": "HartCommunicationLite",
    "FileExtension": "codeplexwiki",
    "UpdatedDate": "2011-02-28T07:14:14.603-08:00",
    "FileAttachments": []
  },
  {
    "Title": "PreambleLength",
    "Id": "388982",
    "ParentWikiTitle": "HartCommunicationLite",
    "FileExtension": "codeplexwiki",
    "UpdatedDate": "2011-02-28T07:13:30.317-08:00",
    "FileAttachments": []
  },
  {
    "Title": "Close",
    "Id": "388981",
    "ParentWikiTitle": "HartCommunicationLite",
    "FileExtension": "codeplexwiki",
    "UpdatedDate": "2011-02-28T07:13:19.413-08:00",
    "FileAttachments": []
  },
  {
    "Title": "CloseResult",
    "Id": "387685",
    "ParentWikiTitle": "Close",
    "FileExtension": "codeplexwiki",
    "UpdatedDate": "2011-02-25T06:10:31.253-08:00",
    "FileAttachments": []
  },
  {
    "Title": "Open",
    "Id": "387683",
    "ParentWikiTitle": "HartCommunicationLite",
    "FileExtension": "codeplexwiki",
    "UpdatedDate": "2011-02-25T06:07:40.96-08:00",
    "FileAttachments": []
  },
  {
    "Title": "OpenResult",
    "Id": "387671",
    "ParentWikiTitle": "Open",
    "FileExtension": "codeplexwiki",
    "UpdatedDate": "2011-02-25T05:45:34.37-08:00",
    "FileAttachments": []
  },
  {
    "Title": "MaxNumberOfRetries",
    "Id": "387662",
    "ParentWikiTitle": "HartCommunicationLite",
    "FileExtension": "codeplexwiki",
    "UpdatedDate": "2011-02-25T05:35:48.57-08:00",
    "FileAttachments": []
  },
  {
    "Title": "HartCommunicationLite",
    "Id": "387636",
    "ParentWikiTitle": "Documentation",
    "FileExtension": "codeplexwiki",
    "UpdatedDate": "2011-02-25T03:02:53.347-08:00",
    "FileAttachments": []
  }
]
